age,insured_sex,policy_state,incident_state,fraud,score,split
55,MALE,IN,VA,0,0.074479766,cv
45,FEMALE,IN,VA,0,0.07057542,cv
56,MALE,IN,NY,1,0.59672064,cv
34,FEMALE,OH,WV,1,0.4886966,cv
44,MALE,OH,WV,0,0.066712566,cv
30,FEMALE,IN,WV,0,0.0690081,cv
28,FEMALE,OH,SC,0,0.48164263,cv
46,FEMALE,OH,SC,1,0.051237706,cv
43,MALE,OH,NC,1,0.7452923,cv
40,FEMALE,OH,SC,0,0.09037526,cv
34,FEMALE,IL,SC,0,0.11692007,cv
49,FEMALE,IL,WV,0,0.04623152,cv
21,MALE,IN,NY,0,0.057945047,cv
48,FEMALE,OH,NY,0,0.08976306,cv
36,MALE,OH,NY,0,0.06917431,cv
41,FEMALE,IL,OH,1,0.67984164,cv
47,MALE,IL,WV,1,0.3202141,cv
40,MALE,IN,VA,0,0.101581074,cv
41,MALE,IN,NY,0,0.07622192,cv
50,MALE,IL,SC,0,0.6320434,cv
45,FEMALE,OH,WV,0,0.06193135,cv
38,MALE,IL,VA,0,0.080713935,cv
27,FEMALE,IL,SC,0,0.06241518,cv
53,MALE,IL,NC,0,0.09679647,cv
61,FEMALE,IL,VA,0,0.073570944,cv
38,FEMALE,IL,NY,0,0.06702722,cv
27,MALE,OH,SC,0,0.08081721,cv
53,FEMALE,OH,WV,0,0.07696043,cv
44,MALE,OH,NY,0,0.07982074,cv
25,FEMALE,IN,WV,0,0.05111943,cv
54,FEMALE,IN,NY,0,0.47751227,cv
40,MALE,IL,NY,0,0.07347706,cv
26,MALE,IL,WV,0,0.046389077,cv
31,MALE,IN,NY,0,0.07792918,cv
46,MALE,IL,WV,0,0.648919,cv
34,MALE,IL,NY,0,0.04849311,cv
38,FEMALE,OH,WV,0,0.6445384,cv
32,MALE,IL,WV,0,0.044880394,cv
37,MALE,IN,OH,0,0.073950715,cv
40,FEMALE,IL,VA,0,0.07022252,cv
56,MALE,OH,VA,1,0.592443,cv
36,MALE,IN,WV,0,0.64469576,cv
33,FEMALE,OH,WV,0,0.05035058,cv
43,MALE,IN,NY,0,0.073907025,cv
29,MALE,OH,NY,1,0.7052838,cv
28,MALE,OH,NY,0,0.5808659,cv
38,FEMALE,OH,SC,1,0.65339464,cv
41,MALE,OH,NY,0,0.68605953,cv
33,FEMALE,IL,NY,0,0.05943846,cv
40,FEMALE,IL,VA,0,0.054286294,cv
31,FEMALE,IN,SC,0,0.09413718,cv
39,FEMALE,IL,WV,0,0.59444624,cv
49,FEMALE,OH,NY,0,0.085330196,cv
25,FEMALE,IL,WV,0,0.067000285,cv
33,MALE,IL,SC,1,0.5907712,cv
45,FEMALE,IL,WV,0,0.06150648,cv
37,FEMALE,IN,NY,0,0.06339503,cv
33,MALE,OH,NC,0,0.052413292,cv
35,MALE,OH,OH,1,0.53020775,cv
61,FEMALE,OH,SC,0,0.70162225,cv
40,MALE,OH,SC,0,0.082720466,cv
22,MALE,IN,SC,1,0.5635837,cv
53,MALE,IL,NC,1,0.7858732,cv
36,MALE,OH,WV,0,0.052370254,cv
43,FEMALE,OH,SC,0,0.06663936,cv
31,FEMALE,OH,SC,0,0.04566529,cv
41,FEMALE,IL,NY,0,0.06618206,cv
45,MALE,IN,SC,0,0.06882291,cv
24,FEMALE,OH,NC,0,0.057723142,cv
37,FEMALE,IL,NY,0,0.07206704,cv
43,FEMALE,OH,WV,0,0.08300233,cv
33,FEMALE,IN,NY,1,0.6402837,cv
39,MALE,OH,SC,0,0.046764787,cv
37,MALE,IL,VA,0,0.08314197,cv
25,FEMALE,OH,SC,0,0.0707391,cv
39,MALE,IN,NY,0,0.074679874,cv
43,MALE,IN,WV,0,0.06918051,cv
45,FEMALE,IN,NY,1,0.6104417,cv
56,MALE,OH,NC,0,0.052342027,cv
30,FEMALE,OH,SC,1,0.42400795,cv
43,FEMALE,IL,WV,1,0.64972174,cv
34,FEMALE,OH,NC,1,0.7173521,cv
43,FEMALE,IN,SC,1,0.50570184,cv
31,FEMALE,IN,SC,1,0.05175403,cv
44,MALE,IL,NC,0,0.05384335,cv
42,MALE,IN,VA,0,0.07880023,cv
55,MALE,OH,SC,0,0.07303192,cv
40,FEMALE,OH,PA,0,0.61166894,cv
52,FEMALE,IL,NY,1,0.42731756,cv
41,FEMALE,OH,SC,1,0.082290374,cv
24,FEMALE,OH,WV,0,0.082363725,cv
36,MALE,OH,VA,0,0.51827556,cv
26,MALE,IN,SC,1,0.526425,cv
39,MALE,OH,VA,0,0.07906295,cv
48,FEMALE,IL,WV,1,0.6227609,cv
31,FEMALE,IL,WV,1,0.57913834,cv
36,MALE,OH,WV,0,0.0802682,cv
31,MALE,IN,NY,0,0.06125425,cv
23,FEMALE,OH,SC,1,0.5675477,cv
40,MALE,IL,NY,0,0.06549042,cv
39,FEMALE,IL,NY,0,0.043730706,cv
40,FEMALE,IL,NY,0,0.0826345,cv
37,FEMALE,OH,SC,0,0.08006902,cv
38,FEMALE,IN,SC,0,0.068345934,cv
41,FEMALE,OH,WV,1,0.56425786,cv
36,FEMALE,IN,NC,0,0.043400493,cv
30,FEMALE,IN,NY,0,0.05560481,cv
28,MALE,IN,VA,0,0.06467776,cv
28,MALE,OH,PA,0,0.0577355,cv
55,MALE,IL,SC,1,0.5215682,cv
40,FEMALE,OH,SC,0,0.078210965,cv
41,MALE,IL,NC,1,0.5646349,cv
39,FEMALE,OH,SC,1,0.6249005,cv
39,MALE,IN,SC,0,0.063716546,cv
42,MALE,OH,SC,0,0.6281426,cv
36,FEMALE,IL,SC,0,0.06669347,cv
57,FEMALE,OH,NY,1,0.4588925,cv
37,FEMALE,OH,VA,0,0.596787,cv
42,FEMALE,OH,WV,0,0.04417128,cv
32,FEMALE,OH,NC,1,0.59847635,cv
45,MALE,IL,NY,0,0.046868913,cv
34,FEMALE,OH,NY,0,0.06274576,cv
41,FEMALE,IL,SC,0,0.47595808,cv
39,MALE,IL,NC,1,0.6300923,cv
35,MALE,IN,VA,0,0.08516266,cv
46,FEMALE,IN,VA,0,0.07786177,cv
40,FEMALE,OH,NC,0,0.09052296,cv
41,MALE,OH,NY,0,0.068322934,cv
40,MALE,IL,NY,0,0.061121244,cv
47,FEMALE,IL,NY,1,0.62645537,cv
39,FEMALE,OH,WV,0,0.0686844,cv
34,FEMALE,IL,NC,0,0.086744875,cv
60,FEMALE,IL,SC,0,0.07610166,cv
38,FEMALE,IL,VA,0,0.5027987,cv
31,MALE,OH,SC,0,0.07521222,cv
48,MALE,IL,NY,0,0.60292894,cv
41,MALE,IL,WV,0,0.071608745,cv
44,MALE,OH,SC,0,0.07114112,cv
31,FEMALE,IL,WV,0,0.06251764,cv
30,FEMALE,IN,SC,0,0.047299284,cv
31,MALE,IN,NY,1,0.47719213,cv
32,MALE,OH,NY,0,0.083807275,cv
45,FEMALE,IN,SC,1,0.57750857,cv
42,MALE,IN,WV,0,0.0697194,cv
34,FEMALE,IN,NY,0,0.07468533,cv
25,FEMALE,IL,OH,0,0.038316563,cv
39,FEMALE,IL,NY,0,0.053654566,cv
48,FEMALE,OH,NY,0,0.0876062,cv
40,FEMALE,IL,WV,0,0.07756964,cv
31,MALE,IN,NY,0,0.0693334,cv
56,MALE,OH,WV,0,0.04210184,cv
37,FEMALE,OH,NY,0,0.071650535,cv
37,FEMALE,OH,VA,0,0.07992668,cv
44,MALE,IL,NY,0,0.086380675,cv
32,FEMALE,IN,SC,1,0.62805015,cv
34,FEMALE,IL,OH,1,0.59017426,cv
26,FEMALE,IL,NY,0,0.07686474,cv
57,FEMALE,IL,SC,1,0.57295847,cv
28,MALE,OH,WV,0,0.04657998,cv
30,FEMALE,IN,SC,0,0.07348716,cv
45,MALE,OH,WV,0,0.055957276,cv
45,FEMALE,IL,SC,0,0.06710231,cv
27,FEMALE,IN,NY,0,0.0857826,cv
38,MALE,IL,WV,0,0.073673554,cv
42,FEMALE,OH,SC,0,0.062034503,cv
33,FEMALE,OH,NY,0,0.5588139,cv
46,MALE,OH,SC,0,0.084298946,cv
46,MALE,IN,SC,0,0.07051006,cv
29,MALE,OH,VA,1,0.5580618,cv
43,MALE,IL,SC,0,0.053896543,cv
29,FEMALE,OH,SC,0,0.09870688,cv
34,FEMALE,IN,WV,0,0.037618287,cv
27,FEMALE,OH,WV,0,0.07701835,cv
40,FEMALE,IN,NC,0,0.08215273,cv
34,FEMALE,OH,PA,0,0.063982695,cv
49,FEMALE,IL,SC,0,0.08283318,cv
42,MALE,OH,VA,1,0.7607736,cv
49,MALE,IN,SC,0,0.051047474,cv
32,MALE,OH,NC,0,0.5524472,cv
47,FEMALE,OH,NY,0,0.060292773,cv
28,MALE,OH,NC,0,0.114406265,cv
51,MALE,IL,NY,1,0.5702789,cv
48,MALE,IN,SC,0,0.091490306,cv
21,FEMALE,OH,PA,0,0.049863376,cv
49,FEMALE,IL,NY,0,0.07902774,cv
62,MALE,IL,NY,0,0.6264889,cv
28,MALE,IN,NY,0,0.056828406,cv
41,MALE,IL,WV,0,0.07852292,cv
38,MALE,IN,NY,0,0.07446998,cv
55,MALE,IL,NY,0,0.06979733,cv
33,FEMALE,OH,WV,0,0.4927293,cv
31,MALE,IN,OH,1,0.56987846,cv
29,MALE,IN,SC,1,0.67488575,cv
37,FEMALE,IN,WV,0,0.06665638,cv
45,FEMALE,IN,VA,0,0.062478445,cv
41,FEMALE,IL,NY,0,0.63444227,cv
43,FEMALE,OH,NY,0,0.05700014,cv
31,FEMALE,IN,NY,1,0.66572285,cv
46,MALE,IL,NY,0,0.07646991,cv
31,FEMALE,OH,WV,1,0.3539335,cv
30,MALE,IN,WV,0,0.05293822,cv
43,FEMALE,IN,NY,0,0.07057924,cv
55,FEMALE,OH,NY,0,0.072212934,cv
41,MALE,OH,WV,0,0.051431447,cv
59,MALE,OH,WV,0,0.082245685,cv
48,FEMALE,IN,SC,0,0.07390786,cv
37,FEMALE,OH,NY,0,0.065756254,cv
25,FEMALE,IN,SC,1,0.40997538,cv
27,MALE,OH,OH,1,0.5333369,cv
38,FEMALE,IL,WV,1,0.54135317,cv
29,MALE,IL,PA,0,0.4592563,cv
28,FEMALE,IL,NY,1,0.06582287,cv
28,FEMALE,OH,SC,1,0.0594952,cv
46,FEMALE,IL,SC,0,0.062980995,cv
33,FEMALE,IN,NC,0,0.06749584,cv
43,FEMALE,OH,WV,0,0.06462806,cv
29,FEMALE,IN,NC,1,0.62551886,cv
45,FEMALE,IL,VA,0,0.5662681,cv
40,MALE,IN,WV,0,0.07940994,cv
57,MALE,OH,SC,0,0.07847782,cv
42,MALE,IL,NC,0,0.07578931,cv
44,MALE,IL,NC,0,0.6221289,cv
30,MALE,IN,SC,0,0.72828776,cv
61,FEMALE,IN,WV,0,0.078446686,cv
54,MALE,OH,NY,1,0.654373,cv
43,FEMALE,IN,WV,0,0.05248282,cv
29,FEMALE,OH,NY,0,0.06525971,cv
44,FEMALE,OH,SC,0,0.092204385,cv
35,FEMALE,IL,NC,0,0.059917342,cv
29,FEMALE,OH,SC,0,0.08075053,cv
28,FEMALE,IN,WV,0,0.07817072,cv
40,MALE,IL,OH,0,0.059335083,cv
64,MALE,IN,NY,0,0.56169075,cv
29,MALE,OH,NY,1,0.053026482,cv
42,MALE,IL,NY,0,0.07858605,cv
45,FEMALE,IL,VA,1,0.72231376,cv
32,MALE,IN,NY,1,0.061290506,cv
38,FEMALE,IN,WV,0,0.0601884,cv
31,FEMALE,IN,PA,0,0.6758693,cv
33,FEMALE,OH,NC,0,0.048551317,cv
37,FEMALE,OH,WV,0,0.059094865,cv
43,MALE,OH,NC,0,0.053151373,cv
32,MALE,OH,VA,0,0.051715683,cv
35,FEMALE,OH,VA,0,0.050423067,cv
39,MALE,IN,SC,1,0.66510177,cv
37,FEMALE,IL,WV,0,0.44014892,cv
44,FEMALE,IL,WV,0,0.07969242,cv
34,FEMALE,IL,NC,0,0.060670584,cv
42,MALE,IN,WV,0,0.03904413,cv
32,FEMALE,IN,NY,0,0.084659606,cv
32,MALE,OH,SC,0,0.13512954,cv
57,MALE,OH,SC,0,0.047451146,cv
47,MALE,IL,WV,0,0.46657526,cv
46,FEMALE,IL,WV,0,0.045844942,cv
43,MALE,IN,PA,0,0.09520288,cv
29,FEMALE,OH,NY,1,0.34850654,cv
47,MALE,OH,WV,1,0.42622218,cv
33,MALE,OH,WV,0,0.057539266,cv
35,FEMALE,IL,WV,1,0.05045657,cv
59,FEMALE,IN,WV,0,0.06112934,cv
35,MALE,IL,WV,0,0.04952931,cv
54,MALE,IN,NY,0,0.044902932,cv
54,FEMALE,OH,WV,0,0.0822552,cv
30,FEMALE,IL,NY,0,0.065572634,cv
39,FEMALE,OH,NY,0,0.06582988,cv
57,MALE,IL,NY,0,0.05428634,cv
46,FEMALE,OH,NY,0,0.062777594,cv
38,MALE,OH,SC,0,0.07249357,cv
47,MALE,IL,WV,0,0.05116953,cv
36,MALE,IN,SC,0,0.07095891,cv
47,FEMALE,OH,VA,0,0.049657363,cv
48,FEMALE,IL,SC,0,0.066346705,cv
38,MALE,IN,WV,0,0.060281906,cv
31,FEMALE,IN,NC,0,0.07471692,cv
58,MALE,IN,SC,0,0.07202663,cv
38,FEMALE,IL,NY,0,0.052222632,cv
25,FEMALE,OH,NC,0,0.067538254,cv
55,MALE,OH,VA,0,0.07304682,cv
36,MALE,IL,SC,0,0.06047236,cv
30,FEMALE,IN,WV,0,0.0871917,cv
41,FEMALE,IN,SC,1,0.66524947,cv
35,MALE,IL,SC,1,0.82006997,cv
60,FEMALE,OH,WV,0,0.04752596,cv
64,FEMALE,OH,WV,0,0.039898206,cv
28,FEMALE,OH,VA,0,0.11453163,cv
44,FEMALE,IL,SC,1,0.6303916,cv
36,MALE,IL,NY,0,0.06641169,cv
30,FEMALE,OH,SC,1,0.31034136,cv
34,MALE,IN,WV,1,0.7311152,cv
28,MALE,OH,NY,0,0.062610716,cv
41,MALE,IL,NC,1,0.5124861,cv
27,FEMALE,OH,NC,0,0.60787594,cv
26,FEMALE,OH,NY,0,0.06091131,cv
56,FEMALE,IL,VA,0,0.49867955,cv
35,MALE,IL,WV,0,0.7024762,cv
41,MALE,IL,SC,0,0.060385335,cv
43,FEMALE,IL,NY,0,0.048375633,cv
43,MALE,OH,SC,1,0.7109806,cv
29,MALE,IL,NY,0,0.048711855,cv
46,MALE,OH,NY,0,0.04980161,cv
39,FEMALE,IN,SC,1,0.6607716,cv
39,FEMALE,IN,NY,0,0.05204841,cv
39,MALE,IN,WV,0,0.578132,cv
38,FEMALE,IN,NY,0,0.08852355,cv
41,MALE,IL,SC,1,0.6314734,cv
27,FEMALE,OH,SC,0,0.07167292,cv
34,MALE,IN,NY,0,0.05938662,cv
51,MALE,IN,NC,0,0.0626079,cv
38,FEMALE,IN,NY,1,0.06999124,cv
32,MALE,IL,SC,0,0.06516644,cv
32,FEMALE,OH,WV,0,0.09285588,cv
28,MALE,IL,WV,0,0.037917964,cv
38,MALE,IL,WV,0,0.053492058,cv
33,FEMALE,OH,WV,0,0.60851026,cv
32,MALE,OH,NY,0,0.053298213,cv
47,MALE,IL,NC,0,0.08090774,cv
32,FEMALE,IL,NY,1,0.6646707,cv
42,FEMALE,OH,SC,0,0.08049657,cv
40,FEMALE,IN,WV,0,0.061778493,cv
28,MALE,OH,PA,0,0.091057666,cv
41,MALE,IN,NY,0,0.0740032,cv
36,MALE,IN,NC,0,0.4806831,cv
48,FEMALE,IN,SC,0,0.07655333,cv
36,FEMALE,IL,NY,1,0.6470224,cv
37,MALE,IN,NC,0,0.06070868,cv
30,FEMALE,OH,WV,0,0.051797964,cv
41,MALE,OH,NY,0,0.5736782,cv
57,FEMALE,IL,NC,0,0.08324506,cv
34,FEMALE,IN,WV,0,0.070589244,cv
53,FEMALE,IL,WV,0,0.070402354,cv
37,MALE,IN,NY,0,0.050485853,cv
30,MALE,IL,SC,0,0.06747129,cv
29,FEMALE,IN,NC,0,0.05919389,cv
48,FEMALE,OH,NC,1,0.50493735,cv
32,MALE,OH,SC,0,0.061434805,cv
35,FEMALE,IN,VA,0,0.05748402,cv
46,MALE,IL,WV,0,0.053389087,cv
60,MALE,IN,NY,1,0.5077622,cv
41,FEMALE,OH,NY,0,0.58098805,cv
35,MALE,IN,NY,0,0.06107796,cv
30,FEMALE,IL,SC,0,0.066718854,cv
38,MALE,OH,NY,0,0.06511442,cv
39,FEMALE,IL,VA,0,0.072130725,cv
43,MALE,IL,WV,0,0.059230734,cv
29,MALE,IL,SC,1,0.62723327,cv
35,MALE,IL,WV,0,0.09265888,cv
43,MALE,IN,PA,0,0.062000837,cv
39,FEMALE,OH,NY,0,0.09120401,cv
44,FEMALE,OH,SC,1,0.73874116,cv
33,FEMALE,IN,NY,0,0.05738248,cv
45,FEMALE,OH,NY,1,0.6900727,cv
36,FEMALE,IN,VA,0,0.06528581,cv
36,MALE,IN,NY,0,0.07342916,cv
33,MALE,OH,WV,1,0.5494143,cv
37,FEMALE,IL,SC,0,0.060260095,cv
41,MALE,IL,NY,0,0.07303127,cv
35,MALE,OH,SC,0,0.111599505,cv
29,MALE,OH,VA,0,0.5957119,cv
41,FEMALE,IL,NC,0,0.04754172,cv
47,MALE,IN,SC,1,0.5961775,cv
27,FEMALE,IN,NY,0,0.07743697,cv
41,FEMALE,OH,WV,1,0.64180696,cv
42,FEMALE,OH,SC,1,0.3445928,cv
28,MALE,IN,PA,1,0.52958125,cv
54,MALE,IN,SC,1,0.50285494,cv
34,FEMALE,OH,NC,0,0.05461859,cv
26,FEMALE,IN,VA,0,0.058784444,cv
40,MALE,IN,VA,1,0.051623367,cv
46,MALE,OH,SC,1,0.75279814,cv
55,FEMALE,OH,WV,0,0.073382705,cv
31,MALE,OH,NC,0,0.052735344,cv
26,FEMALE,IL,VA,0,0.09290246,cv
34,FEMALE,OH,SC,0,0.058152094,cv
30,MALE,IN,WV,1,0.6318268,cv
25,FEMALE,IN,WV,1,0.6133068,cv
44,FEMALE,IN,WV,0,0.06449342,cv
29,MALE,OH,OH,0,0.052387282,cv
30,MALE,IL,SC,0,0.05388098,cv
40,FEMALE,IN,NC,0,0.4820773,cv
57,MALE,IL,SC,1,0.7352153,cv
42,FEMALE,IL,WV,0,0.058455877,cv
36,FEMALE,IL,NY,0,0.0904464,cv
42,MALE,OH,NC,0,0.5906557,cv
46,MALE,IN,PA,0,0.059089884,cv
30,FEMALE,IN,NC,0,0.67740816,cv
40,FEMALE,OH,WV,0,0.08044928,cv
32,MALE,IN,NY,0,0.063038155,cv
21,MALE,IN,NY,0,0.07447501,cv
50,FEMALE,OH,PA,0,0.06694418,cv
46,MALE,OH,NY,0,0.38669062,cv
48,MALE,IL,WV,0,0.05877384,cv
37,FEMALE,IN,SC,1,0.7521133,cv
24,FEMALE,OH,NY,0,0.62298006,cv
37,MALE,IL,WV,1,0.47723913,cv
29,FEMALE,IN,WV,0,0.05259646,cv
48,MALE,IN,NY,1,0.48312837,cv
46,MALE,IL,SC,0,0.06898669,cv
47,MALE,IN,WV,0,0.06880617,cv
57,MALE,IN,NC,0,0.6051357,cv
63,FEMALE,IL,WV,0,0.05439016,cv
43,FEMALE,IL,NY,0,0.06069226,cv
41,MALE,IL,SC,0,0.08611477,cv
31,MALE,IN,WV,0,0.067217775,cv
42,MALE,IN,SC,0,0.07292613,cv
61,FEMALE,IN,OH,1,0.5695773,cv
26,MALE,OH,NY,0,0.06744246,cv
37,FEMALE,IN,PA,0,0.078209795,cv
49,MALE,OH,WV,0,0.07318526,cv
41,FEMALE,OH,SC,1,0.5908673,cv
25,FEMALE,IL,VA,0,0.05881664,cv
33,FEMALE,OH,NY,1,0.64703023,cv
39,FEMALE,IL,SC,0,0.074827015,cv
43,FEMALE,IN,SC,0,0.6664864,cv
31,FEMALE,OH,WV,1,0.057498217,cv
39,FEMALE,IN,NC,0,0.05645554,cv
36,MALE,IN,WV,1,0.07830038,cv
27,MALE,IN,PA,0,0.5610004,cv
43,FEMALE,OH,SC,0,0.06478321,cv
35,MALE,OH,NY,1,0.8102334,cv
41,FEMALE,IL,NY,0,0.065011755,cv
42,MALE,OH,WV,1,0.5856524,cv
27,FEMALE,IL,WV,0,0.5561029,cv
41,MALE,OH,NY,1,0.49033567,cv
33,FEMALE,IL,WV,0,0.063005775,cv
28,MALE,OH,WV,0,0.06114023,cv
40,MALE,OH,NY,0,0.074404456,cv
29,MALE,OH,SC,0,0.07580595,cv
37,MALE,IL,SC,1,0.5927872,cv
50,FEMALE,OH,NY,0,0.5886071,cv
47,FEMALE,IL,NY,1,0.6588342,cv
30,FEMALE,IL,SC,0,0.066097856,cv
53,FEMALE,OH,WV,0,0.06255527,cv
36,FEMALE,IN,PA,0,0.07685268,cv
45,MALE,IL,WV,0,0.055409387,cv
40,FEMALE,IL,NY,0,0.043961197,cv
39,FEMALE,IL,VA,0,0.07856635,cv
45,MALE,IL,PA,1,0.6402534,cv
28,MALE,IL,SC,0,0.06395016,cv
49,MALE,OH,NY,0,0.5256819,cv
44,MALE,IL,WV,0,0.051523864,cv
34,MALE,OH,WV,0,0.4589098,cv
26,MALE,IL,NY,1,0.53172415,cv
46,FEMALE,IL,NY,1,0.60490376,cv
57,FEMALE,OH,SC,1,0.75849855,cv
44,FEMALE,IN,SC,0,0.07458207,cv
32,FEMALE,OH,SC,1,0.7668153,cv
33,FEMALE,IL,NY,0,0.06931137,cv
62,MALE,IL,SC,0,0.6427393,cv
44,MALE,IL,SC,0,0.05877682,cv
46,MALE,OH,WV,0,0.06466808,cv
45,FEMALE,OH,NY,0,0.05333749,cv
55,MALE,IL,NC,0,0.05199303,cv
61,FEMALE,IL,SC,0,0.66838324,cv
32,FEMALE,IL,SC,0,0.63002074,cv
49,MALE,IN,NC,0,0.05373304,cv
44,MALE,IL,OH,0,0.064495616,cv
31,FEMALE,IL,WV,0,0.06669842,cv
55,FEMALE,IL,NY,0,0.058607005,cv
43,MALE,IN,NY,0,0.06016342,cv
39,MALE,IN,WV,0,0.37524334,cv
36,FEMALE,IL,NC,1,0.3605178,cv
30,FEMALE,IN,VA,1,0.6201896,cv
63,MALE,IL,VA,1,0.05435555,cv
39,FEMALE,IN,WV,0,0.0746604,cv
41,FEMALE,OH,NY,0,0.05168468,cv
23,MALE,IL,PA,0,0.5893851,cv
34,FEMALE,IN,WV,1,0.49299675,cv
53,MALE,IN,WV,0,0.07713564,cv
27,MALE,IL,SC,1,0.63410133,cv
41,MALE,IL,WV,0,0.062807366,cv
38,FEMALE,IN,VA,0,0.5604855,cv
27,MALE,IL,NY,0,0.047849678,cv
55,MALE,IN,NC,0,0.05294672,cv
38,MALE,OH,WV,0,0.07102014,cv
29,FEMALE,OH,NY,0,0.049050447,cv
26,MALE,IL,SC,0,0.059202403,cv
33,FEMALE,OH,SC,0,0.062140584,cv
36,FEMALE,IN,NY,0,0.08496093,cv
61,MALE,OH,OH,1,0.5901918,cv
58,MALE,IN,NY,0,0.07461691,cv
43,FEMALE,IL,SC,1,0.7017272,cv
43,FEMALE,IN,VA,0,0.0887815,cv
32,MALE,OH,VA,1,0.6715474,cv
32,FEMALE,IL,VA,1,0.48048896,cv
36,FEMALE,OH,VA,0,0.053154465,cv
29,MALE,OH,VA,0,0.061783176,cv
39,MALE,IN,WV,0,0.05150744,cv
41,FEMALE,IL,SC,0,0.07230326,cv
42,MALE,IL,PA,1,0.77874744,cv
29,FEMALE,IL,SC,1,0.49116096,cv
61,MALE,OH,NY,0,0.058546383,cv
31,MALE,IN,NC,0,0.05674803,cv
30,FEMALE,IL,NY,0,0.06728065,cv
52,FEMALE,IN,SC,1,0.8322845,cv
38,FEMALE,IN,SC,0,0.08816953,cv
28,FEMALE,IL,SC,1,0.3764444,cv
47,MALE,IN,WV,0,0.089282885,cv
35,FEMALE,IL,WV,0,0.053694174,cv
36,FEMALE,IL,PA,0,0.07643254,cv
33,FEMALE,IL,VA,0,0.07859929,cv
36,FEMALE,OH,NY,0,0.06280369,cv
30,MALE,IN,SC,0,0.04795421,cv
34,FEMALE,OH,SC,1,0.5329089,cv
39,MALE,OH,VA,0,0.053528212,cv
31,MALE,IL,NY,0,0.085546724,cv
30,MALE,IN,SC,0,0.06719932,cv
57,FEMALE,IN,NC,0,0.055414353,cv
48,FEMALE,IN,SC,1,0.36455902,cv
43,FEMALE,IL,NY,0,0.08558038,cv
46,FEMALE,IL,WV,1,0.06276455,cv
39,MALE,IL,WV,0,0.089916326,cv
38,FEMALE,OH,NC,0,0.0810981,cv
42,FEMALE,OH,NY,0,0.084733985,cv
48,FEMALE,OH,WV,0,0.054335847,cv
53,MALE,OH,WV,0,0.06750793,cv
50,MALE,OH,OH,1,0.3343213,cv
60,MALE,IN,NC,1,0.5785714,cv
27,FEMALE,IN,VA,0,0.0791475,cv
44,FEMALE,OH,NY,0,0.070254125,cv
47,MALE,IN,NY,0,0.04548181,cv
30,MALE,OH,NY,0,0.044609364,cv
33,MALE,IN,VA,1,0.49955598,cv
60,MALE,OH,WV,1,0.6297026,cv
39,FEMALE,IN,NY,0,0.065950334,cv
37,FEMALE,OH,SC,0,0.08513388,cv
37,FEMALE,IN,SC,1,0.6021339,cv
52,FEMALE,IL,NY,0,0.06391041,cv
54,MALE,OH,SC,1,0.6614745,cv
40,MALE,OH,WV,0,0.055333655,cv
28,FEMALE,IN,WV,0,0.46595815,cv
42,FEMALE,IL,SC,0,0.10662145,cv
28,FEMALE,OH,SC,0,0.056376018,cv
43,FEMALE,IN,SC,0,0.061861344,cv
57,MALE,IL,NY,0,0.054681703,cv
30,MALE,IN,VA,0,0.094715245,cv
43,MALE,IL,WV,0,0.050153613,cv
50,MALE,OH,NY,0,0.604513,cv
31,FEMALE,IL,NC,0,0.5073823,cv
26,MALE,IL,NY,1,0.62779826,cv
51,FEMALE,IN,WV,0,0.064019546,cv
38,FEMALE,IL,SC,0,0.08413284,cv
32,MALE,OH,WV,0,0.4479495,cv
45,MALE,IL,NC,0,0.07043784,cv
21,FEMALE,IN,NY,0,0.06283561,cv
38,FEMALE,IL,WV,0,0.45465615,cv
34,MALE,IN,WV,0,0.050643567,cv
43,MALE,OH,SC,0,0.56929123,cv
55,MALE,IN,WV,1,0.69459033,cv
25,FEMALE,OH,VA,0,0.07721208,cv
37,FEMALE,IN,NC,0,0.07765242,cv
38,FEMALE,OH,WV,0,0.051685955,cv
26,MALE,IL,SC,1,0.7354253,cv
37,MALE,IL,SC,0,0.07766849,cv
31,MALE,IN,VA,1,0.43309167,cv
48,FEMALE,IL,PA,0,0.043080755,cv
33,FEMALE,IL,NY,0,0.10728747,cv
33,FEMALE,IN,SC,1,0.49136862,cv
39,FEMALE,IN,VA,0,0.044648763,cv
28,MALE,OH,NY,0,0.07276539,cv
33,MALE,IL,NY,0,0.063051604,cv
23,FEMALE,IL,NY,1,0.5085048,cv
27,FEMALE,OH,NY,0,0.04948541,cv
29,MALE,IN,VA,0,0.06265148,cv
33,FEMALE,IL,NY,0,0.06725586,cv
42,FEMALE,IN,NY,0,0.060019556,cv
48,FEMALE,OH,WV,0,0.07201967,cv
24,MALE,IN,NY,0,0.058327097,cv
46,FEMALE,IL,NY,0,0.5933208,cv
46,MALE,IL,NC,1,0.6097876,cv
26,FEMALE,OH,VA,1,0.57059866,cv
31,MALE,IN,WV,1,0.5742559,cv
38,FEMALE,IL,NC,1,0.39844894,cv
36,MALE,IL,NY,0,0.061272413,cv
29,FEMALE,OH,NC,0,0.07280231,cv
52,MALE,IN,WV,0,0.07005359,cv
50,FEMALE,OH,WV,0,0.060620684,cv
44,FEMALE,OH,SC,1,0.057891596,cv
24,FEMALE,IN,NY,0,0.049794517,cv
37,MALE,IL,WV,0,0.08419773,cv
55,MALE,OH,VA,1,0.53815544,cv
38,FEMALE,OH,SC,1,0.091551624,cv
30,FEMALE,IN,SC,1,0.5946945,cv
50,MALE,OH,NY,1,0.48519084,cv
62,FEMALE,OH,PA,1,0.6735235,cv
36,FEMALE,IL,NY,0,0.054400228,cv
49,FEMALE,IL,WV,0,0.5775466,cv
29,FEMALE,OH,NY,0,0.07804585,cv
42,MALE,IL,NC,0,0.07141052,cv
44,MALE,OH,NY,1,0.51273066,cv
43,FEMALE,IN,VA,0,0.09597686,cv
41,FEMALE,OH,NC,1,0.6300532,cv
40,MALE,IN,NY,1,0.5334029,cv
38,MALE,IN,VA,0,0.0621781,cv
26,MALE,OH,NC,1,0.8182057,cv
35,FEMALE,IL,WV,0,0.38137925,cv
41,FEMALE,OH,NC,0,0.06028609,cv
40,FEMALE,IL,SC,0,0.05417208,cv
30,FEMALE,OH,NC,0,0.08806162,cv
27,FEMALE,IN,WV,0,0.08870721,cv
26,MALE,OH,NY,0,0.55627215,cv
46,MALE,OH,NY,0,0.062170524,cv
53,FEMALE,IN,SC,0,0.54900014,cv
34,MALE,OH,NY,0,0.0838619,cv
44,MALE,OH,NY,0,0.049121834,cv
36,FEMALE,IN,SC,0,0.088531636,cv
44,MALE,IL,SC,0,0.44134796,cv
38,FEMALE,IN,NY,0,0.07014134,cv
38,FEMALE,IL,VA,1,0.530785,cv
53,MALE,OH,SC,0,0.057383794,cv
26,FEMALE,OH,SC,0,0.08411493,cv
28,FEMALE,IL,SC,0,0.0695972,cv
40,MALE,IL,NY,0,0.06757248,cv
50,MALE,OH,WV,0,0.069961,cv
33,FEMALE,IL,VA,0,0.7100713,cv
35,FEMALE,IN,NY,0,0.063324556,cv
34,FEMALE,IL,NY,0,0.05560757,cv
36,FEMALE,OH,NC,0,0.065882444,cv
36,MALE,OH,NC,1,0.501284,cv
29,FEMALE,IN,SC,0,0.6367371,cv
55,MALE,IN,SC,1,0.6253623,cv
28,FEMALE,IL,NY,0,0.06129299,cv
46,MALE,IN,VA,0,0.071746685,cv
34,FEMALE,OH,WV,1,0.73302704,cv
25,FEMALE,IN,SC,0,0.075574614,cv
40,FEMALE,OH,SC,0,0.059588745,cv
33,FEMALE,IN,WV,0,0.06555239,cv
30,MALE,IN,NY,1,0.62231374,cv
24,FEMALE,IN,NY,0,0.06338395,cv
43,FEMALE,OH,SC,0,0.06218415,cv
38,FEMALE,IL,VA,1,0.6107142,cv
32,FEMALE,IN,PA,0,0.05158753,cv
35,MALE,OH,NY,0,0.059700336,cv
36,FEMALE,IL,WV,0,0.07963547,cv
51,MALE,OH,VA,0,0.069976866,cv
37,FEMALE,IN,SC,0,0.07278785,cv
61,FEMALE,IN,NC,0,0.067091376,cv
43,FEMALE,IN,NC,0,0.49487287,cv
34,FEMALE,IN,VA,0,0.04743337,cv
32,FEMALE,OH,SC,0,0.06350458,cv
45,FEMALE,OH,NC,0,0.7137017,cv
21,MALE,IN,WV,0,0.5237411,cv
32,FEMALE,IN,VA,0,0.06263511,cv
43,FEMALE,IN,NY,0,0.06507487,cv
44,FEMALE,IL,NC,1,0.43304127,cv
24,FEMALE,IL,NC,1,0.07135374,cv
33,FEMALE,IN,NC,1,0.7326858,cv
46,FEMALE,OH,VA,0,0.07773519,cv
44,FEMALE,IL,NY,0,0.07460827,cv
33,MALE,OH,WV,0,0.07991495,cv
35,FEMALE,IN,VA,0,0.09289043,cv
31,FEMALE,IL,NC,1,0.44271332,cv
44,MALE,IL,NC,0,0.092260435,cv
47,MALE,IN,VA,0,0.5131247,cv
29,MALE,OH,NY,0,0.052304387,cv
26,MALE,IL,NC,0,0.069009095,cv
31,FEMALE,IN,SC,0,0.07185116,cv
41,MALE,OH,PA,1,0.6437863,cv
41,FEMALE,IN,SC,0,0.09788622,cv
54,MALE,OH,SC,0,0.06253342,cv
39,MALE,OH,NC,0,0.058721673,cv
20,FEMALE,IN,WV,0,0.056600727,cv
37,FEMALE,IN,WV,1,0.54333025,cv
57,FEMALE,IL,NY,0,0.41990802,cv
34,FEMALE,IL,PA,0,0.068297595,cv
42,MALE,IN,VA,1,0.052034352,cv
39,MALE,IL,WV,0,0.0580428,cv
41,FEMALE,OH,NC,0,0.08100157,cv
39,FEMALE,IN,WV,0,0.08375123,cv
44,FEMALE,OH,NY,0,0.055690337,cv
37,MALE,IN,NC,1,0.6258444,cv
38,FEMALE,OH,VA,1,0.07399798,cv
34,MALE,IN,VA,1,0.8542915,cv
43,MALE,OH,SC,0,0.57829326,cv
31,FEMALE,IL,NY,1,0.504202,cv
41,FEMALE,IN,SC,0,0.061394315,cv
35,FEMALE,IN,NY,0,0.07597119,cv
39,MALE,OH,SC,1,0.50879866,cv
57,MALE,IN,NY,0,0.5200259,cv
31,MALE,IL,NC,0,0.5342626,cv
25,MALE,OH,NC,0,0.34030658,cv
53,FEMALE,IL,NC,0,0.080167495,cv
32,MALE,OH,OH,1,0.80868214,cv
48,MALE,IN,NY,0,0.053685248,cv
31,MALE,OH,WV,0,0.064853564,cv
39,FEMALE,OH,SC,0,0.07539043,cv
38,FEMALE,IL,PA,1,0.7506307,cv
47,FEMALE,OH,VA,0,0.05635565,cv
58,MALE,OH,WV,0,0.06607721,cv
31,FEMALE,IN,NC,1,0.7481316,cv
34,FEMALE,IN,NY,1,0.60345566,cv
60,FEMALE,OH,SC,1,0.63144255,cv
26,MALE,IL,VA,0,0.07063575,cv
28,MALE,IL,NC,1,0.5081946,cv
49,MALE,IN,WV,0,0.062760286,cv
39,FEMALE,OH,SC,0,0.04579945,cv
44,MALE,IN,NC,0,0.09372892,cv
33,MALE,OH,NY,0,0.08348416,cv
36,FEMALE,OH,WV,0,0.55858284,cv
33,MALE,OH,NC,0,0.05675598,cv
40,MALE,IN,NY,1,0.6458846,cv
30,MALE,IN,VA,0,0.08741117,cv
42,MALE,IL,VA,1,0.4326742,cv
43,MALE,IL,NY,1,0.58459246,cv
47,MALE,IN,WV,0,0.059629776,cv
39,FEMALE,IN,NY,1,0.74218524,cv
42,MALE,IL,WV,0,0.12111026,cv
42,FEMALE,IL,NY,0,0.75955766,cv
48,MALE,OH,SC,0,0.094190516,cv
33,FEMALE,OH,NY,1,0.73956335,cv
42,MALE,IN,WV,0,0.06761846,cv
39,MALE,IL,SC,1,0.3884375,cv
30,FEMALE,IL,SC,0,0.07770747,cv
43,MALE,OH,NC,1,0.057638694,cv
34,MALE,IN,OH,0,0.056070205,cv
39,FEMALE,IL,SC,0,0.0790898,cv
46,MALE,IN,WV,1,0.5666195,cv
57,MALE,IN,NY,0,0.07327364,cv
51,FEMALE,IL,NY,1,0.5212755,cv
47,FEMALE,IN,VA,1,0.48478898,cv
23,MALE,OH,NC,1,0.4964055,cv
48,MALE,IL,NY,1,0.35982373,cv
27,MALE,OH,SC,0,0.058296204,cv
41,FEMALE,IL,WV,0,0.08781571,cv
27,FEMALE,IL,WV,0,0.080747984,cv
46,FEMALE,OH,NC,0,0.05915342,cv
41,FEMALE,OH,SC,1,0.65283275,cv
33,FEMALE,IN,VA,0,0.057243485,cv
56,MALE,IL,SC,0,0.09875566,cv
46,FEMALE,IN,VA,0,0.08159594,cv
31,FEMALE,IL,SC,0,0.072755404,cv
27,FEMALE,IN,WV,0,0.06939147,cv
29,FEMALE,IL,PA,1,0.8192712,cv
39,FEMALE,OH,VA,0,0.06860366,cv
27,MALE,IN,SC,0,0.06815936,cv
34,FEMALE,IN,NC,0,0.06123559,cv
40,FEMALE,IL,NY,0,0.064172104,cv
34,MALE,IL,NY,0,0.0664718,cv
35,MALE,IN,WV,0,0.041050654,cv
30,MALE,IN,WV,0,0.084242165,cv
48,FEMALE,IL,SC,0,0.072244585,cv
38,MALE,OH,VA,0,0.09361592,cv
32,FEMALE,IL,WV,1,0.5822196,cv
38,FEMALE,IN,VA,1,0.08222216,cv
32,FEMALE,OH,NY,0,0.06395516,cv
50,MALE,IL,NY,0,0.07142402,cv
35,MALE,IL,OH,0,0.5843382,cv
32,MALE,IN,SC,0,0.07006067,cv
48,FEMALE,IL,NY,0,0.47457325,cv
29,MALE,IL,VA,0,0.08339192,cv
53,MALE,IL,SC,0,0.70037794,cv
56,FEMALE,IN,VA,1,0.574478,cv
35,MALE,IL,SC,0,0.08394877,cv
30,FEMALE,OH,WV,0,0.046785474,cv
30,MALE,IL,NY,0,0.07506494,cv
48,MALE,OH,SC,1,0.34249008,cv
31,FEMALE,IN,SC,0,0.45927817,cv
41,FEMALE,OH,VA,0,0.075576045,cv
27,MALE,IL,SC,0,0.052646235,cv
29,MALE,IN,NC,1,0.7509261,cv
49,FEMALE,IL,SC,0,0.08368373,cv
61,FEMALE,IN,WV,0,0.066948734,cv
48,FEMALE,OH,NY,0,0.074752755,cv
35,FEMALE,IL,WV,0,0.606598,cv
35,FEMALE,OH,SC,1,0.7091091,cv
58,FEMALE,OH,NC,1,0.73029464,cv
23,MALE,OH,SC,0,0.090655126,cv
24,FEMALE,IN,SC,1,0.6035176,cv
30,MALE,IL,NY,0,0.6519333,cv
44,FEMALE,OH,NC,1,0.81748873,cv
43,FEMALE,OH,SC,0,0.086064234,cv
47,FEMALE,IN,OH,0,0.07075807,cv
37,MALE,IN,SC,0,0.62902886,cv
39,MALE,IL,NC,1,0.6544089,cv
38,MALE,IL,WV,0,0.059743684,cv
37,MALE,OH,PA,0,0.58182365,cv
38,MALE,OH,NY,0,0.07807331,cv
45,FEMALE,IL,SC,0,0.0886415,cv
49,MALE,IL,WV,0,0.044818293,cv
21,FEMALE,IN,SC,0,0.075520344,cv
43,MALE,IL,PA,0,0.06362825,cv
28,MALE,OH,WV,0,0.061704114,cv
34,MALE,OH,NY,1,0.39330488,cv
26,MALE,IN,OH,0,0.52107817,cv
45,MALE,IL,NC,0,0.070548475,cv
39,MALE,OH,SC,0,0.09762537,cv
44,MALE,OH,NY,1,0.6019735,cv
41,FEMALE,IN,SC,0,0.69746256,cv
26,MALE,IN,WV,0,0.060703907,cv
47,MALE,IN,NY,0,0.0661724,cv
37,MALE,OH,NY,0,0.0736302,cv
42,FEMALE,IL,WV,0,0.05888747,cv
51,MALE,IL,WV,0,0.08000686,cv
24,FEMALE,IN,VA,0,0.076552846,cv
53,MALE,IL,NC,0,0.057910454,cv
31,FEMALE,OH,SC,0,0.13165632,cv
45,FEMALE,IL,SC,0,0.061178792,cv
34,FEMALE,IN,VA,0,0.04759028,cv
43,FEMALE,IL,SC,0,0.6655902,cv
40,MALE,IN,SC,0,0.053935576,cv
38,MALE,OH,SC,0,0.6574806,cv
44,MALE,OH,WV,0,0.05074327,test
37,MALE,IL,SC,1,0.5688487,test
33,FEMALE,OH,NC,1,0.054187436,test
42,MALE,IN,WV,1,0.539881,test
59,MALE,OH,NY,0,0.058697637,test
34,FEMALE,OH,NC,0,0.06535718,test
44,MALE,IN,NC,1,0.5110734,test
28,FEMALE,OH,WV,1,0.5522669,test
50,MALE,OH,NY,0,0.06585645,test
47,FEMALE,OH,SC,0,0.071156494,test
31,FEMALE,OH,NY,0,0.052615136,test
32,FEMALE,IN,WV,0,0.08560624,test
40,FEMALE,OH,SC,1,0.5303786,test
59,FEMALE,IL,SC,1,0.6598902,test
34,FEMALE,IN,NY,0,0.051431246,test
60,MALE,IN,VA,0,0.06637937,test
48,MALE,OH,VA,0,0.5781101,test
34,MALE,IL,WV,0,0.079453476,test
39,FEMALE,IN,NY,0,0.05611472,test
25,MALE,IL,SC,0,0.53949916,test
43,MALE,IN,NY,1,0.70843554,test
37,FEMALE,OH,SC,1,0.5494521,test
42,FEMALE,OH,WV,0,0.0676971,test
31,FEMALE,OH,WV,0,0.05452762,test
49,FEMALE,IN,NC,0,0.055253312,test
33,MALE,IL,NY,1,0.82239103,test
30,FEMALE,IL,SC,0,0.07114903,test
46,MALE,OH,WV,0,0.67875093,test
35,FEMALE,IL,WV,0,0.06514528,test
43,FEMALE,IN,VA,0,0.57203776,test
33,FEMALE,IL,WV,0,0.061788365,test
25,FEMALE,IN,SC,1,0.5475475,test
51,FEMALE,OH,NC,0,0.07901119,test
37,FEMALE,IL,NY,0,0.054782767,test
46,MALE,IN,NY,0,0.052269794,test
34,FEMALE,IL,SC,0,0.05638274,test
41,FEMALE,IN,WV,1,0.37664205,test
32,MALE,IL,WV,1,0.8053225,test
46,FEMALE,IL,NC,0,0.063296534,test
46,MALE,IN,NY,1,0.06514761,test
26,MALE,IL,VA,1,0.53374904,test
58,MALE,IN,NY,0,0.0658704,test
31,MALE,IL,NC,1,0.5301428,test
44,MALE,IL,NY,0,0.04994722,test
33,FEMALE,IL,NC,0,0.07859208,test
32,FEMALE,OH,NY,0,0.056690063,test
45,MALE,OH,VA,0,0.060279284,test
30,FEMALE,IL,SC,0,0.051189523,test
57,MALE,IN,SC,0,0.056413025,test
39,FEMALE,OH,PA,0,0.050694484,test
31,MALE,IL,NY,0,0.0942835,test
35,MALE,IN,WV,0,0.0709801,test
58,FEMALE,IN,WV,1,0.4759157,test
29,MALE,IL,SC,0,0.06683541,test
39,MALE,OH,SC,0,0.051416885,test
34,FEMALE,OH,NY,1,0.5767979,test
32,MALE,IL,WV,0,0.09089908,test
43,MALE,OH,SC,1,0.5780365,test
35,MALE,IL,WV,0,0.54425234,test
42,MALE,IN,WV,1,0.05294213,test
32,MALE,IN,VA,0,0.4680349,test
33,MALE,IL,NY,0,0.053824518,test
40,FEMALE,IL,NY,0,0.059657864,test
28,MALE,OH,OH,0,0.07431273,test
30,MALE,IL,WV,0,0.05471981,test
61,FEMALE,OH,VA,1,0.55157393,test
38,MALE,IL,WV,1,0.41092774,test
37,MALE,IN,NC,1,0.05553715,test
28,MALE,OH,SC,0,0.06657946,test
40,MALE,IN,SC,0,0.078451514,test
29,MALE,IL,NY,0,0.054676224,test
30,FEMALE,OH,SC,0,0.08009586,test
60,FEMALE,IL,NY,0,0.76122904,test
40,FEMALE,IN,VA,0,0.07637024,test
37,FEMALE,IN,NY,0,0.07668814,test
40,MALE,IL,OH,0,0.06998377,test
26,FEMALE,IL,WV,0,0.0831708,test
43,MALE,OH,NY,1,0.6201955,test
60,FEMALE,IN,NC,0,0.6494307,test
46,FEMALE,IN,NY,0,0.06001753,test
35,FEMALE,OH,NY,0,0.054340098,test
34,MALE,IL,WV,0,0.06671725,test
29,FEMALE,OH,WV,0,0.4230345,test
32,FEMALE,OH,NY,0,0.06738261,test
50,FEMALE,IN,NY,0,0.05532866,test
35,FEMALE,OH,SC,0,0.060296144,test
43,MALE,OH,SC,0,0.05254435,test
31,FEMALE,IN,SC,0,0.070525154,test
43,FEMALE,OH,WV,0,0.49470717,test
33,MALE,IN,NY,0,0.051136274,test
44,FEMALE,IL,NY,0,0.6536031,test
50,MALE,IN,WV,1,0.48615667,test
43,MALE,IN,VA,0,0.08180245,test
28,MALE,OH,PA,1,0.078066014,test
47,FEMALE,OH,OH,1,0.5232231,test
58,MALE,IL,NY,1,0.5320211,test
29,FEMALE,OH,SC,0,0.070835985,test
47,FEMALE,OH,NY,0,0.073717155,test
23,FEMALE,OH,NY,1,0.50718033,test
41,FEMALE,OH,WV,1,0.44581744,test
36,FEMALE,IN,WV,0,0.070968546,test
26,MALE,OH,VA,0,0.06946084,test
42,MALE,IL,SC,0,0.08048651,test
34,MALE,IL,SC,0,0.7607664,test
24,FEMALE,IL,NY,0,0.058363777,test
33,FEMALE,IL,WV,1,0.43494081,test
31,FEMALE,IN,NY,1,0.48297483,test
30,FEMALE,OH,NC,0,0.059399787,test
53,FEMALE,IL,WV,0,0.06541088,test
43,FEMALE,OH,VA,0,0.0693023,test
36,MALE,OH,SC,0,0.06985296,test
62,MALE,IN,NY,0,0.046531267,test
56,FEMALE,IN,SC,0,0.79874146,test
42,MALE,IN,SC,1,0.48539883,test
37,MALE,IL,NY,0,0.072483815,test
30,MALE,OH,WV,0,0.5495581,test
40,MALE,OH,OH,0,0.056921877,test
34,MALE,IN,SC,0,0.05246271,test
46,FEMALE,IL,VA,0,0.053213507,test
30,FEMALE,OH,VA,0,0.6530719,test
37,FEMALE,OH,SC,1,0.7197601,test
26,MALE,OH,SC,1,0.7669292,test
23,FEMALE,IL,SC,0,0.050980207,test
43,MALE,OH,NY,1,0.52541673,test
41,MALE,OH,NY,1,0.79717475,test
36,FEMALE,OH,NY,0,0.7220166,test
39,FEMALE,IL,SC,1,0.5018011,test
41,MALE,IL,SC,0,0.062307853,test
54,FEMALE,IL,WV,0,0.06715063,test
45,FEMALE,OH,VA,0,0.08701339,test
37,FEMALE,OH,NY,0,0.07535408,test
38,FEMALE,IL,SC,0,0.055807576,test
32,MALE,OH,WV,0,0.05028222,test
25,MALE,IL,SC,1,0.05655248,test
39,FEMALE,IL,NY,1,0.4120466,test
49,FEMALE,OH,NY,0,0.050019,test
48,MALE,IL,VA,0,0.052180577,test
34,FEMALE,IN,NY,0,0.090846784,test
40,FEMALE,IL,NY,0,0.048563827,test
38,FEMALE,OH,NY,0,0.085492015,test
43,FEMALE,IL,SC,0,0.07990133,test
39,FEMALE,IN,VA,0,0.5348139,test
38,MALE,IL,NC,0,0.065582946,test
58,MALE,OH,WV,1,0.5148312,test
19,FEMALE,IN,NC,1,0.06259253,test
48,MALE,IL,WV,0,0.053547166,test
30,MALE,OH,NC,0,0.068613514,test
38,FEMALE,OH,WV,0,0.54654545,test
29,MALE,IL,SC,0,0.07741992,test
30,MALE,IL,SC,0,0.07181774,test
34,MALE,IN,VA,1,0.6156726,test
45,MALE,IL,NC,0,0.5390157,test
32,FEMALE,IN,NY,0,0.084431455,test
54,MALE,IL,WV,0,0.05514726,test
47,FEMALE,IN,SC,0,0.0720886,test
50,FEMALE,IL,NY,0,0.065003864,test
55,FEMALE,OH,SC,0,0.7744054,test
31,FEMALE,IL,WV,0,0.053101156,test
45,MALE,IN,NY,0,0.06220004,test
39,MALE,IN,VA,0,0.060078803,test
34,MALE,IN,NY,1,0.62181586,test
34,FEMALE,IN,SC,0,0.48467827,test
29,FEMALE,OH,SC,0,0.07924479,test
44,FEMALE,OH,WV,0,0.051872615,test
39,MALE,IL,NY,0,0.07617585,test
37,FEMALE,OH,WV,0,0.06351063,test
28,FEMALE,IL,SC,0,0.5361468,test
35,MALE,IL,OH,0,0.06046384,test
31,FEMALE,OH,VA,0,0.4158599,test
26,FEMALE,IL,SC,0,0.082653835,test
37,FEMALE,IL,NY,0,0.08301083,test
57,MALE,OH,SC,0,0.6148126,test
47,MALE,IN,SC,0,0.0567834,test
32,FEMALE,IL,VA,0,0.079892196,test
45,MALE,IL,WV,0,0.07760144,test
32,FEMALE,IL,VA,0,0.078141786,test
32,MALE,IL,NY,1,0.55878574,test
46,MALE,OH,WV,0,0.08441601,test
26,FEMALE,IL,SC,0,0.06663215,test
41,FEMALE,IN,SC,0,0.071715645,test
35,FEMALE,IL,NY,0,0.07524159,test
43,FEMALE,OH,NC,0,0.04953515,test
40,FEMALE,OH,SC,0,0.07358065,test
35,FEMALE,IL,WV,0,0.050075263,test
51,FEMALE,IN,NY,1,0.5611312,test
31,MALE,IN,SC,0,0.07216402,test
27,FEMALE,IL,NY,0,0.07647983,test
42,FEMALE,IN,WV,0,0.074153684,test
27,FEMALE,IN,NY,0,0.053120196,test
51,MALE,IL,SC,1,0.84003365,test
39,FEMALE,IN,NY,0,0.053371366,test
33,FEMALE,IN,NY,1,0.43599942,test
27,FEMALE,OH,VA,0,0.07077365,test
29,FEMALE,IN,SC,0,0.055604678,test
27,MALE,OH,SC,1,0.66571575,test
26,MALE,IL,NY,0,0.053686317,test
30,FEMALE,OH,WV,0,0.06537058,test
54,FEMALE,IL,SC,0,0.065575875,test
37,MALE,IN,SC,0,0.0788116,test
59,FEMALE,IN,VA,0,0.08611338,test
